{"NumModels": 1, "ModelIndexes": {"0": "ILLEGAL_RANK_0"}, "ModelDescriptions": [{"Name": "ILLEGAL_RANK_0", "ClassMaps": {"1": "ChainSaw", "2": "Humans", "3": "Normal", "0": "Unknown"}, "ModelType": "PME", "FeatureNames": ["channel_0NegativeZeroCrossings", "channel_0mfcc_000001", "channel_0mfcc_000002", "channel_0mfcc_000004", "channel_0mfcc_000006", "channel_0DomFreq", "channel_0PowerSpec_000000", "channel_0PowerSpec_000015", "channel_0AbsAreaDc"], "FeatureFunctions": ["Negative Zero Crossings", "MFCC", "MFCC", "MFCC", "MFCC", "Dominant Frequency", "Power Spectrum", "Power Spectrum", "Absolute Area of Low Frequency"], "AIF": [98, 112, 135, 178, 152, 258, 84, 160, 89, 267], "Category": [3, 1, 1, 2, 2, 1, 1, 2, 1, 1], "Vector": [[0, 221, 211, 223, 100, 0, 14, 25, 4], [229, 67, 75, 113, 188, 216, 100, 182, 214], [230, 52, 90, 147, 175, 215, 91, 184, 143], [143, 165, 69, 73, 93, 213, 126, 128, 158], [137, 186, 43, 60, 117, 50, 124, 128, 168], [121, 113, 126, 173, 160, 190, 79, 123, 42], [248, 30, 172, 95, 169, 220, 89, 170, 110], [137, 166, 98, 94, 47, 46, 129, 127, 172], [140, 136, 61, 115, 210, 52, 85, 150, 90], [84, 166, 109, 89, 160, 77, 81, 109, 72]], "Identifiers": [0, 1, 2, 3, 4, 5, 6, 7, 8, 9], "DistanceMode": 0, "knowledgepack_summary": [{"name": "Windowing", "type": "segmenter", "inputs": {"delta": 16000, "input_data": "temp.raw", "train_delta": 0, "window_size": 16000, "group_columns": ["segment_uuid", "Label"], "return_segment_index": false}, "outputs": ["temp.Windowing0"]}, {"set": [{"family": null, "inputs": {"columns": ["channel_0"], "threshold": 100}, "outputs": [0], "function_name": "Negative Zero Crossings"}, {"family": true, "inputs": {"columns": ["channel_0"], "sample_rate": 16000, "cepstra_count": 23}, "outputs": [1, 2, 4, 6], "function_name": "MFCC"}, {"family": null, "inputs": {"columns": ["channel_0"], "sample_rate": 100}, "outputs": [0], "function_name": "Dominant Frequency"}, {"family": true, "inputs": {"columns": ["channel_0"], "window_type": "hanning", "number_of_bins": 16}, "outputs": [0, 15], "function_name": "Power Spectrum"}, {"family": null, "inputs": {"columns": ["channel_0"], "sample_rate": 100, "smoothing_factor": 5}, "outputs": [0], "function_name": "Absolute Area of Low Frequency"}], "name": "generator_set", "type": "generatorset", "inputs": {"input_data": "temp.Windowing0", "group_columns": ["segment_uuid", "Label", "SegmentID"]}, "outputs": ["temp.generator_set0", "temp.features.generator_set0"]}, {"name": "Min Max Scale", "type": "transform", "inputs": {"pad": 0, "max_bound": 255, "min_bound": 0, "input_data": "temp.generator_set0", "passthrough_columns": ["segment_uuid", "Label", "SegmentID"], "feature_min_max_defaults": null, "feature_min_max_parameters": {"maximums": {"gen_0037_channel_0DomFreq": 0.8, "gen_0043_channel_0AbsAreaDc": 19512.027, "gen_0036_channel_0mfcc_000001": -12463.0, "gen_0036_channel_0mfcc_000002": 26861.0, "gen_0036_channel_0mfcc_000004": 5571.0, "gen_0036_channel_0mfcc_000006": 153947.0, "gen_0039_channel_0PowerSpec_000000": 211.14667, "gen_0039_channel_0PowerSpec_000015": 99.914536, "gen_0011_channel_0NegativeZeroCrossings": 7253.0}, "minimums": {"gen_0037_channel_0DomFreq": 0.00625, "gen_0043_channel_0AbsAreaDc": 1119.2827, "gen_0036_channel_0mfcc_000001": -198052.0, "gen_0036_channel_0mfcc_000002": -206166.0, "gen_0036_channel_0mfcc_000004": -289136.0, "gen_0036_channel_0mfcc_000006": -47368.0, "gen_0039_channel_0PowerSpec_000000": 30.531183, "gen_0039_channel_0PowerSpec_000015": 21.890198, "gen_0011_channel_0NegativeZeroCrossings": 0.0}}}, "outputs": ["temp.Min_Max_Scale0.RCL.0", "temp.features.Min_Max_Scale0.RCL.0"], "feature_table": "temp.features.generator_set0"}], "sensors_columns": ["channel_0"], "uuid": "da9ffaba-4039-4052-a7e0-273b0fae2ae1"}]}